Nome,E-mail,Telefone
Gabriel,gabrielindo@gmail.com,777-666
Stephany Galvão,stephany@gmail.com,xxx-xxx-xxx
Thadeu,thadeu@gmail.com,xxx-xxx-xxx
Petrônio Junior,petronio@gmail.com,xxx-xxx-xxx
Guilherme,guilherme@gmail.com,xxx-xxx-xxx
Mariana,mariana@gmail.com,xxx-xxx-xxx
Michael,michael@gmail.com,xxx-xxx-xxx
